"iso","adm1","umd_tree_cover_loss__year","umd_tree_cover_loss__ha","gfw_gross_emissions_co2e_all_gases__Mg"
"KEN",1,2001,169.63208815079114849,88464.581506322532468
"KEN",2,2001,475.09138429180944518,242636.85061903019472
"KEN",3,2001,1033.01652316596429859,550669.59854734325613
"KEN",4,2001,261.0212706254148225,41672.33918160209964
"KEN",5,2001,290.25125417221085845,159120.13682344099773
"KEN",6,2001,140.00807963622533708,38534.699728761767073
"KEN",7,2001,95.66873853903895191,21402.742655628221567
"KEN",8,2001,296.86483793797353048,29853.481300049871148
"KEN",10,2001,115.00862689735552125,52432.774645131329603
"KEN",11,2001,333.95429705428395800,95695.98413170474640
"KEN",12,2001,204.09641489647658327,111651.696346370311945
"KEN",13,2001,1736.46571817678390365,886904.94584625869228
"KEN",14,2001,355.08821956586605032,95834.07734019450036
"KEN",15,2001,14.77036933348891564,6580.548788831105963
"KEN",16,2001,251.38908159480205128,127231.72642213625504
"KEN",17,2001,57.77532624675298938,17899.142245437484485
"KEN",18,2001,96.29556959002906979,21378.068879939074973
"KEN",19,2001,641.84516363302400906,211191.565382426241465
"KEN",20,2001,244.33379112457600889,135724.004593780938462
"KEN",21,2001,634.61403169745270211,167080.327908538913494
"KEN",22,2001,297.90530489183002808,93363.728046600952655
"KEN",23,2001,233.96188643030320029,58221.527389649146515
"KEN",25,2001,1.53701304283108207,500.74016786778361
"KEN",26,2001,51.08253495056799491,21834.042907861302884
"KEN",27,2001,150.4581680984760438,38106.160529455131306
"KEN",28,2001,52.64798944167365469,16847.586476183196593
"KEN",29,2001,567.08669040789844152,278280.006029484522437
"KEN",30,2001,130.36680296383067769,72622.726853068976665
"KEN",31,2001,1931.23559243991386279,1064840.772367711694786
"KEN",32,2001,1010.5691307875258940,608408.80999479313177
"KEN",33,2001,4564.42170346591511506,2402159.752745016890073
"KEN",34,2001,92.8508095531675310,49520.0766958351801
"KEN",35,2001,384.80120412946121243,209735.720824272641339
"KEN",36,2001,251.56048199805367907,123839.619250960657362
"KEN",37,2001,8.61416715906382300,3336.65751749599884
"KEN",38,2001,116.8589700844043048,27861.05771737272182
"KEN",39,2001,100.33683386493249235,23386.51362351217691
"KEN",40,2001,351.10635240027532567,103702.349057020197215
"KEN",41,2001,19.30964830959202738,4962.605232864894806
"KEN",42,2001,461.66476360344179118,277740.47881057622271
"KEN",43,2001,0.84455422708699546,199.860669184284107
"KEN",44,2001,587.82233321996603691,331187.89456503777748
"KEN",45,2001,58.31408769847772650,29782.163866960158006
"KEN",47,2001,154.66323938876275294,70655.51013640399715
"KEN",1,2002,461.35484196188112918,241816.273012785952562
"KEN",2,2002,603.34664368156097582,331402.39674490021772
"KEN",3,2002,419.47658153832008427,228355.535212376383818
"KEN",4,2002,89.77713651305130486,13892.28089197310530
"KEN",5,2002,1707.82075171535973466,970807.880104770636624
"KEN",6,2002,24.46289805126369500,6920.963877635627530
"KEN",7,2002,53.14082477824274724,13305.492315064696036
"KEN",8,2002,62.00434506597709161,3219.62272615491848
"KEN",10,2002,14.68533428788669352,4105.0845460055144123
"KEN",11,2002,121.54954197485455571,39348.815559683571942
"KEN",12,2002,423.96437677259599535,228208.12761320451908
"KEN",13,2002,43.22792388522280930,18624.269711568770832
"KEN",14,2002,830.32381862456883328,202383.119026738868026
"KEN",15,2002,17.46303189613507868,9046.287172989426729
"KEN",16,2002,7.76936065416374888,3389.15902266396817
"KEN",17,2002,122.16673860599994837,38836.80466801501694
"KEN",18,2002,44.60939939895215417,9576.925871109118326
"KEN",19,2002,683.66929262154522329,222964.701614483246552
"KEN",20,2002,143.4761706925807871,77446.32639295885270
"KEN",21,2002,541.29031672173461225,146835.314075871328712
"KEN",22,2002,25.91733481888463716,6958.421615498097765
"KEN",23,2002,66.20653535054483819,16585.381953237380316
"KEN",25,2002,0.92229091893568262,227.11985988113324
"KEN",26,2002,94.31808917736278318,40940.300209440888677
"KEN",27,2002,40.92196373737244101,7356.276893139738390
"KEN",28,2002,49.5043948945693353,17745.882356200659276
"KEN",29,2002,82.53795695758978425,31978.597292297167038
"KEN",30,2002,1.38444541771572535,431.582676868774219
"KEN",31,2002,4990.26079235722779568,2803015.643499149105406
"KEN",32,2002,604.29567791892232876,337112.59517515613949
"KEN",33,2002,4424.05488850068538226,2347675.662365314121160
"KEN",34,2002,80.3886994083067684,43398.99080365471882
"KEN",35,2002,216.25284771495030685,116972.913106988532050
"KEN",36,2002,76.85338029805727791,38041.454930083181634
"KEN",37,2002,17.84349609936835242,7021.184124023933118
"KEN",38,2002,37.08097473757640034,8403.788247649390447
"KEN",39,2002,13.89623954843533050,2978.482090337724936
"KEN",40,2002,307.21478114106602648,94100.581935196039449
"KEN",41,2002,16.84789324752025188,4530.886458677403731
"KEN",42,2002,212.14404929655329783,111730.601470541057034
"KEN",43,2002,4.1484897059624567,1410.045810305491983
"KEN",44,2002,2092.50980080215854251,1165540.882018390125883
"KEN",45,2002,3.84657796432561139,1814.67463894253798
"KEN",47,2002,412.59529053959069102,173616.128767874731943
"KEN",1,2003,233.09980103308724538,125996.432275026047507
"KEN",2,2003,573.96106120503286629,324814.020290294963746
"KEN",3,2003,332.85433806348132864,178584.200794801287237
"KEN",4,2003,90.08426089222228402,19030.31255233597974
"KEN",5,2003,525.80007616348402014,285887.033825448772992
"KEN",6,2003,310.47990107432560126,92275.574274912232910
"KEN",7,2003,40.8355699063020921,9390.568283492678999
"KEN",8,2003,44.00289099985367345,5435.94283236965994
"KEN",10,2003,23.52621854978379957,7515.52374292494175
"KEN",11,2003,187.55613597839559228,54278.596662395132576
"KEN",12,2003,317.7970363905725352,183313.30320955626082
"KEN",13,2003,121.99485761253181337,62820.20204284249541
"KEN",14,2003,592.44574675744416097,155862.299894376520459
"KEN",15,2003,142.70491039031314829,78812.677100503009816
"KEN",16,2003,10.38476955490692230,4477.96380305485852
"KEN",17,2003,145.16910974345271228,36919.064391267818917
"KEN",18,2003,79.05305704329609031,15164.7936042104635633
"KEN",19,2003,496.13498198076604155,165455.953697860120924
"KEN",20,2003,603.29044774570277142,302223.932622775186676
"KEN",21,2003,706.24398346844494273,194523.286520433732935
"KEN",22,2003,31.14973320702018256,9804.869908614421033
"KEN",23,2003,211.73626556361042926,43267.086224134012231
"KEN",26,2003,186.55898503686271768,79041.798582828358854
"KEN",27,2003,18.53783405105835282,4134.102024192054415
"KEN",28,2003,148.27850803762383904,53138.022804375548624
"KEN",29,2003,239.00818459537890264,129242.445602294833926
"KEN",30,2003,3.4611244636606175,1406.24444064200194
"KEN",31,2003,833.06705625864240226,439125.06376123317928
"KEN",32,2003,930.56204812069880558,542213.298257465856325
"KEN",33,2003,1060.35671191244597856,503280.440804907097335
"KEN",34,2003,65.1571893516340089,36253.8457167399252
"KEN",35,2003,665.74662132229884451,359853.116619420748045
"KEN",36,2003,511.74193720384944992,268579.919555618843056
"KEN",37,2003,26.22738037337690923,10145.611343905629938
"KEN",38,2003,94.31810523196665297,19653.35024555814270
"KEN",39,2003,13.97680463753187764,4127.422606448946996
"KEN",40,2003,150.57318854655701356,50249.763060738926931
"KEN",41,2003,86.39326654561087931,37910.101977059497732
"KEN",42,2003,1038.32624884053313667,587077.84806337144267
"KEN",43,2003,6.76357327426018574,1778.7607147131938306
"KEN",44,2003,872.69950055953778493,485599.99110053126023
"KEN",45,2003,34.15759670654882919,16834.65942488020453
"KEN",47,2003,746.59373859214163787,341552.00818627714509
"KEN",1,2004,588.66624026714983182,304390.557540805764684
"KEN",2,2004,587.96301738366036928,348631.833061438886650
"KEN",3,2004,78.77294590764795307,22513.31529757289978
"KEN",4,2004,77.31383713616225056,18522.423215336310893
"KEN",5,2004,1056.99144508321438590,510397.41403808204444
"KEN",6,2004,65.46459218685530490,16783.332532215487089
"KEN",7,2004,40.83555658690781637,9229.017993768993841
"KEN",8,2004,38.61862113706924103,2190.124297842216548
"KEN",9,2004,0.53849856480255129,196.35913893297387
"KEN",10,2004,20.52565574603549493,7681.278534477535295
"KEN",11,2004,134.1661232738810468,37329.829714401510036
"KEN",12,2004,548.66664064488357502,314524.12783549870742
"KEN",13,2004,61.53454913856998483,26786.249976574528312
"KEN",14,2004,2475.15147101540060755,574153.871134471978949
"KEN",15,2004,4.61571850264300929,1869.77375564450584
"KEN",16,2004,6.6924546690165209,2799.93632572191897
"KEN",17,2004,72.6999387860259781,18010.8121836118181
"KEN",18,2004,24.38109736083706572,5132.647318851081032
"KEN",19,2004,1012.16773731474848580,353482.88695239644280
"KEN",20,2004,196.55767854652884464,91685.434485740965147
"KEN",21,2004,569.39766050283758572,155920.023710431013862
"KEN",22,2004,32.99499425954107380,9696.877813764304717
"KEN",23,2004,36.67767615530104067,11583.40454975960528
"KEN",25,2004,0.5379366096892633,165.9803372853107
"KEN",26,2004,33.69604642567614000,13611.540630642008848
"KEN",27,2004,20.46106355873284897,4038.03439702249111
"KEN",28,2004,28.78098337081028349,10571.31887972986983
"KEN",29,2004,60.84779114244407134,30066.074958745844826
"KEN",30,2004,6.46074428060567265,2573.75506436421743
"KEN",31,2004,2851.21069533107210198,1543789.279120958083256
"KEN",32,2004,400.73617179595042019,236078.653398331297394
"KEN",33,2004,3620.12641491378466671,1893637.460100663155248
"KEN",34,2004,93.62038878933465791,57673.23094484862621
"KEN",35,2004,133.24429037703076583,69451.203140568082695
"KEN",36,2004,27.38701329896181480,13484.30437723023377
"KEN",37,2004,15.69049172977037265,6461.17289169878478
"KEN",38,2004,55.85226217663882936,12342.11638610554215
"KEN",39,2004,2.9179829042483181,861.3317702349787
"KEN",40,2004,262.16232514467293638,76757.627365912444635
"KEN",41,2004,11.38580738901609896,3448.780062201011934
"KEN",42,2004,219.75863399310851912,134952.814635193516808
"KEN",43,2004,1.3836134544458010,270.990544656811833
"KEN",44,2004,576.13775516744437687,339355.25059207366396
"KEN",45,2004,4.61589461330093755,2052.247521275941755
"KEN",47,2004,829.91983912288138119,352622.95370731207569
"KEN",1,2005,537.59039133037987778,293989.671905564575635
"KEN",2,2005,368.79296945492194020,213000.690655910465655
"KEN",3,2005,85.69561706610081227,34390.30063170987333
"KEN",4,2005,86.31530835742962616,21970.14738255088686
"KEN",5,2005,439.32566753941558751,221289.872314079291322
"KEN",6,2005,356.09484189280253087,91564.219893373757839
"KEN",7,2005,31.0691870057717564,6750.811406249036268
"KEN",8,2005,211.09278793651184769,15375.637831256408874
"KEN",10,2005,158.84455885688593823,51147.246277494444022
"KEN",11,2005,164.86147739858313777,54266.09433300069252
"KEN",12,2005,386.19068227149601338,193861.92350567449332
"KEN",13,2005,67.91978892820076651,31303.210780484881415
"KEN",14,2005,736.66605048519465634,174424.24621658750156
"KEN",15,2005,8.69293043424462182,3485.024053461097525
"KEN",16,2005,20.15408376840525574,9082.70761535430453
"KEN",17,2005,231.63976639858207708,80971.787463566383294
"KEN",18,2005,128.22494534569607621,26560.543707994923735
"KEN",19,2005,433.73034132629228853,168518.528285982482319
"KEN",20,2005,220.33118535985135335,111918.059102141472085
"KEN",21,2005,781.85060011754481000,208747.898704912019346
"KEN",22,2005,72.98811011139351741,21927.054257279022424
"KEN",23,2005,409.71594599276194996,95239.613757980834914
"KEN",25,2005,0.30738657954779736,88.17189148517534
"KEN",26,2005,39.00426455286068861,17525.431346573556590
"KEN",27,2005,36.53673400183573527,8944.09627620892714
"KEN",28,2005,4.2978384004467772,1555.29560558265982
"KEN",29,2005,32.69289844312324163,13587.94146594039146
"KEN",30,2005,9.46033816547295337,3739.289567510186909
"KEN",31,2005,1227.32837400664481749,650180.992179858424788
"KEN",32,2005,653.5324502894928704,382583.96746841286076
"KEN",33,2005,2567.13235816346114787,1290758.611378590764716
"KEN",34,2005,82.31181477495700666,44903.69773979524002
"KEN",35,2005,129.24383471464199786,62612.520388332353386
"KEN",36,2005,59.31353560230279450,27368.321391937493917
"KEN",37,2005,2.6917891532162479,946.61774986525280
"KEN",38,2005,236.33351795480963978,49515.469291345824804
"KEN",39,2005,4.53131674992391014,1100.856936831107622
"KEN",40,2005,429.96679521645580610,149119.815201751118722
"KEN",41,2005,41.61970753782486449,8813.248603856022123
"KEN",42,2005,248.52608303357886678,160452.107438765386170
"KEN",43,2005,3.9966285333589004,842.44157652415973
"KEN",44,2005,613.21486424387466353,344535.41724449179535
"KEN",45,2005,9.15485491131041289,4437.26372626464517
"KEN",47,2005,376.44823855646311268,152251.74233578561893
"KEN",1,2006,401.42141536642517682,207718.58646979178938
"KEN",2,2006,711.65860308038859097,431305.091830808177046
"KEN",3,2006,203.54493287035901049,100802.756235547909040
"KEN",4,2006,123.08728342477026476,29183.17780063869025
"KEN",5,2006,807.03983017964799304,459385.45390996632443
"KEN",6,2006,26.61666353242507319,6537.242652317855936
"KEN",7,2006,37.99005753454508676,9239.26163507714482
"KEN",8,2006,43.84927740906348532,9302.491911533340645
"KEN",10,2006,20.83682722191399413,6928.28622749772706
"KEN",11,2006,160.70733470267077021,55765.559419565645686
"KEN",12,2006,843.08327353219600210,468962.48403788545680
"KEN",13,2006,104.30403755470997351,50420.614834504432642
"KEN",14,2006,1677.82027130234607643,455887.272495969366844
"KEN",15,2006,1.69241639788565750,598.790092670536774
"KEN",16,2006,32.23115375616560060,17016.121038282324168
"KEN",17,2006,123.1666568480298431,48070.16157875108534
"KEN",18,2006,99.14665070951140175,20636.64657673460950
"KEN",19,2006,1012.01232660374094179,407478.367508360658560
"KEN",20,2006,1155.04498021640926243,599564.75517520648779
"KEN",21,2006,1236.70966606911307196,363449.280643692933558
"KEN",22,2006,18.4588221747027595,5739.4844851296034
"KEN",23,2006,29.75385001390585102,7453.64621217169978
"KEN",25,2006,0.5379411142555067,158.99286689505993
"KEN",26,2006,3.69271080212074746,1440.646434664804533
"KEN",27,2006,38.99836207129253717,9836.647298061452538
"KEN",28,2006,114.974957071767776,40402.35624872687954
"KEN",29,2006,27.61575375150771098,11758.75127429780381
"KEN",30,2006,9.99869562787346630,4805.54276635979558
"KEN",31,2006,3432.20219202806057426,2001757.603657224480216
"KEN",32,2006,598.83445858570951092,352369.1266789691333
"KEN",33,2006,4915.01345187485726630,2526516.472325340730480
"KEN",34,2006,77.69685887111658944,51158.29876402389495
"KEN",35,2006,232.25288679379391845,125016.820894004707833
"KEN",36,2006,13.23199453983841199,5790.836587147625924
"KEN",37,2006,17.84414075286478737,6538.193753710454057
"KEN",38,2006,47.15900038452257751,11157.05787228077925
"KEN",39,2006,3.07202688247979050,595.70120321961741
"KEN",40,2006,1148.43955244537931285,363209.367396161579974
"KEN",41,2006,2.23099894793640168,530.405149939688085
"KEN",42,2006,165.76315543640384453,84195.778470825393442
"KEN",43,2006,10.37823854674350259,1922.793431316347006
"KEN",44,2006,468.11984687457748807,253353.724093034866895
"KEN",45,2006,22.4640050611311925,11597.28505564457264
"KEN",47,2006,435.74122396664555120,188421.016846087443897
"KEN",1,2007,404.88639983734993991,217148.19274995799004
"KEN",2,2007,999.66222807469235153,604384.33347335735545
"KEN",3,2007,748.76746489440148076,457241.23428250322062
"KEN",4,2007,172.62913859352435697,41396.69034602160555
"KEN",5,2007,2539.44606535982357652,1389217.46636940963973
"KEN",6,2007,316.47826469143045747,88778.05214282291691
"KEN",7,2007,58.8279335088110658,14134.51160850727954
"KEN",8,2007,51.38793923309311328,11749.391389522892544
"KEN",9,2007,0.3077135839805773,67.19592221444873
"KEN",10,2007,49.66611788406310318,18154.368533486173841
"KEN",11,2007,302.33673065847535768,108705.706728065814066
"KEN",12,2007,876.54455219945571177,516617.02165811123488
"KEN",13,2007,401.13634710192477553,205948.37232737727632
"KEN",14,2007,603.66378167987259389,151688.508814527565987
"KEN",15,2007,92.70018301267778595,59259.367470986664333
"KEN",16,2007,102.4624821677560724,50515.90036517470445
"KEN",17,2007,114.31981794244360404,41230.879613029329655
"KEN",18,2007,115.3777643273921963,26046.643540093182668
"KEN",19,2007,868.19036864671614744,371017.934633822209749
"KEN",20,2007,462.97317848386383054,248928.446527081843341
"KEN",21,2007,877.70000516248391523,252069.965679866109099
"KEN",22,2007,223.82710874666254909,79688.909320275289347
"KEN",23,2007,230.83975423714433583,91675.122668852504728
"KEN",25,2007,0.15369291592475046,46.336219074265976
"KEN",26,2007,199.63757131915300871,99890.575133067526369
"KEN",27,2007,132.3755835987315390,36937.23604795857470
"KEN",28,2007,44.43784548033389938,16515.08966241476188
"KEN",29,2007,311.15815088599403374,155803.503268706975610
"KEN",30,2007,24.91991857673570312,12620.553624330052836
"KEN",31,2007,1637.21311811052019963,904291.383162776854115
"KEN",32,2007,856.63029155734646195,534403.891008705132078
"KEN",33,2007,6006.84987181808116313,2884594.779381968107057
"KEN",34,2007,295.553315193878878,186072.9942514623635
"KEN",35,2007,599.44201435542727221,339983.16285035854398
"KEN",36,2007,309.79804860305730655,169626.088496879799565
"KEN",37,2007,61.06893345005819607,26339.35706585313231
"KEN",38,2007,385.27334011573154846,101278.792626946758702
"KEN",39,2007,15.51393089020738747,4904.265513610166046
"KEN",40,2007,320.44010466703524108,102277.384663085908129
"KEN",41,2007,51.23587648594222727,17264.74003418683555
"KEN",42,2007,900.56543339281139294,572994.105291487023337
"KEN",43,2007,11.60712214886813266,2438.84923147358405
"KEN",44,2007,1033.02501663972715674,598357.03601545508012
"KEN",45,2007,52.15961424783716686,21554.09586462483468
"KEN",47,2007,2239.76994700046266671,1134782.655999349789742
"KEN",1,2008,672.75505915530768965,348908.024142897765704
"KEN",2,2008,781.74141905580089841,477202.095175514757325
"KEN",3,2008,385.00916943662253467,207240.120178503433051
"KEN",4,2008,70.92876340124637168,18481.372229778252510
"KEN",5,2008,1522.72120871516755044,830999.571138209308623
"KEN",6,2008,35.15578400978535843,10035.93541342679167
"KEN",7,2008,62.37144788440774844,14227.583505460876715
"KEN",8,2008,57.23493869095843660,10825.181972260835200
"KEN",9,2008,0.3077189649795532,78.59828400771934
"KEN",10,2008,22.67896703689779000,8366.535591664815047
"KEN",11,2008,129.78144347672776835,49579.092181942647886
"KEN",12,2008,647.60052156121844112,360309.537772356502955
"KEN",13,2008,29.69030409320889278,14581.033783076995599
"KEN",14,2008,1523.47406326755841124,381079.027914945321597
"KEN",15,2008,25.46375744845401091,17272.838902895219512
"KEN",16,2008,21.69273561779768306,10322.06851160053532
"KEN",17,2008,61.08349443303772777,19325.274274957503734
"KEN",18,2008,119.2909733825547502,25474.062651832490734
"KEN",19,2008,2127.57705174203375434,878263.699395331286775
"KEN",20,2008,572.05353522134876238,239627.717891356707542
"KEN",21,2008,1178.08500551425877744,353126.029995675749625
"KEN",22,2008,22.15068708735982432,7409.1551913589139
"KEN",23,2008,40.51301523197544060,11818.967640683316898
"KEN",25,2008,0.30743075287231445,90.937864253887867
"KEN",26,2008,62.31461826013485444,31967.007839684010298
"KEN",27,2008,41.38362231385659136,10336.703743806071486
"KEN",28,2008,131.616804770060394,50548.0409640644665
"KEN",29,2008,17.07749537182013477,8952.22745086505109
"KEN",30,2008,4.76862889732089637,2069.50901461173315
"KEN",31,2008,1278.40846975752611339,695357.098093691452876
"KEN",32,2008,374.34789735055745720,216887.77175081191201
"KEN",33,2008,3067.98644368207045461,1494097.792495021693103
"KEN",34,2008,137.16129621944625663,85599.8936101200551
"KEN",35,2008,278.71837829022526060,145855.209637828050540
"KEN",36,2008,58.00555908821593064,31021.063566610671134
"KEN",37,2008,10.15276727776455442,3949.72807140871403
"KEN",38,2008,184.943616669425566,68484.0014437024984
"KEN",39,2008,31.79706516345825562,10566.816079806554750
"KEN",40,2008,799.71579688345609207,234700.801786996012831
"KEN",41,2008,16.30934595451325679,5036.702152616670978
"KEN",42,2008,355.13392323358529050,222907.191925217593839
"KEN",43,2008,24.75534189837642808,4500.34138449111868
"KEN",44,2008,799.16072687418797646,469473.363289444743126
"KEN",45,2008,13.84769221439227732,6133.66807765388258
"KEN",47,2008,1426.93470717875798729,660907.439427993469447
"KEN",1,2009,647.36903076194107124,350778.216877110093623
"KEN",2,2009,306.01623052581665888,190218.48963997931193
"KEN",3,2009,85.30883406075181677,40113.04777115380614
"KEN",4,2009,135.32040125725948981,30868.790693794305896
"KEN",5,2009,476.32357538902385091,247180.808292329360596
"KEN",6,2009,175.93134121412392110,45402.345499083967833
"KEN",7,2009,100.20642508843571945,22885.852475907344297
"KEN",8,2009,97.23729516553101879,12690.670448914457755
"KEN",10,2009,97.64317400316721706,34605.65911491434145
"KEN",11,2009,149.39937010997363048,73800.429915317213126
"KEN",12,2009,662.67932637059006392,370103.439911431550284
"KEN",13,2009,73.99676462679543432,38104.786491684941505
"KEN",14,2009,1752.22907448741872454,449133.270446636670778
"KEN",15,2009,31.84858494642053998,17357.927968521782364
"KEN",16,2009,36.30831579071624458,18480.87389208092983
"KEN",17,2009,137.24536755318646852,46034.18856407009435
"KEN",18,2009,211.89734231076249624,44539.587736115389817
"KEN",19,2009,1355.61485708722593632,567234.75990072990445
"KEN",20,2009,668.68263902315090923,370750.362145504812575
"KEN",21,2009,2701.53488255942377815,818338.375525634650361
"KEN",22,2009,61.29704976477325028,20985.77478158122872
"KEN",23,2009,135.16893539840611931,39746.499526111470960
"KEN",25,2009,0.1536955087999132,50.77321722066835
"KEN",26,2009,96.93385646417266708,65400.073508982674292
"KEN",27,2009,58.2275809266334626,16766.60004584879045
"KEN",28,2009,69.84226885394795049,25136.490673526916984
"KEN",29,2009,89.69407813696944244,42443.61222366064508
"KEN",30,2009,5.38396814596259173,2156.005360945929443
"KEN",31,2009,1058.91572920142198699,575348.588494785467383
"KEN",32,2009,600.60270359926302818,345865.379784531914444
"KEN",33,2009,2611.70099080402393736,1220743.228066137657750
"KEN",34,2009,63.69598301277314985,39311.42526332180732
"KEN",35,2009,110.00957332710677240,58269.045613776291085
"KEN",36,2009,89.08468292266798018,43798.889550651034388
"KEN",37,2009,17.53623354902096239,7086.052600467779076
"KEN",38,2009,168.71082085861859989,49761.986509687156396
"KEN",39,2009,9.37072592370334202,2402.648842611906764
"KEN",40,2009,1460.44322611194462629,490959.114498846675995
"KEN",41,2009,29.69538674444370635,6858.45734178021978
"KEN",42,2009,232.29213749271993352,156287.560382710526874
"KEN",43,2009,25.75250490699624924,4868.532874580725791
"KEN",44,2009,342.80216277753840608,183655.36733562493702
"KEN",45,2009,24.77196612589423006,11510.66310636867201
"KEN",47,2009,431.24699465650040285,184198.65196687523015
"KEN",1,2010,570.75313381690358750,389202.95075756687650
"KEN",2,2010,303.01687161948875317,180065.80562869525542
"KEN",3,2010,211.54572327250471152,107794.999309210597135
"KEN",4,2010,200.0948866447538625,45007.450092153487158
"KEN",5,2010,283.84774530325987121,176423.485177110698058
"KEN",6,2010,76.46610418505190999,27304.52012888937993
"KEN",7,2010,17.61104075260905033,4407.85887867779163
"KEN",8,2010,75.08235128672109440,8682.938909748185186
"KEN",9,2010,0.46157145761255901,142.063963890221327
"KEN",10,2010,16.22299673335659371,6368.59219974988678
"KEN",11,2010,189.24850893474455357,78973.91116306854941
"KEN",12,2010,281.71771723382499282,181931.698773755609484
"KEN",13,2010,180.60677947712119443,99221.007034615951864
"KEN",14,2010,2816.29477548334137317,789523.643718891198911
"KEN",15,2010,55.08185017724390056,32041.560002581899925
"KEN",16,2010,46.00095292087113083,22399.417258201645515
"KEN",17,2010,243.87181817609650415,87459.067932973366546
"KEN",18,2010,49.60687149812345670,11252.75422896671350
"KEN",19,2010,1557.10369113150095652,706044.73387498270894
"KEN",20,2010,649.52768790432807415,342426.88990579673333
"KEN",21,2010,1126.29890796194438140,357903.413771514807865
"KEN",22,2010,89.45057501269129142,36149.164976823046123
"KEN",23,2010,179.61516742451770226,87864.331088636979795
"KEN",25,2010,0.61491088869398334,197.81421557879007
"KEN",26,2010,126.32166762925203370,59434.211556165715864
"KEN",27,2010,34.38327145289269168,11215.228777846097991
"KEN",28,2010,42.59368529693481789,17497.194599858975643
"KEN",29,2010,133.61795678027608407,71269.043006748964558
"KEN",30,2010,29.45783079683626728,15384.69877729371143
"KEN",31,2010,1522.95545789466185033,903900.346156402298494
"KEN",32,2010,261.87424335298747933,154968.18403839971533
"KEN",33,2010,8129.31884250782120703,4413585.18545900150168
"KEN",34,2010,114.69838252022218055,75811.89411813328412
"KEN",35,2010,763.99911934896943587,452325.967430663935238
"KEN",36,2010,290.79575709937471996,164802.219050767854754
"KEN",37,2010,9.15278481626308929,4314.17604682650262
"KEN",38,2010,121.32106247114965340,30793.978687791254274
"KEN",39,2010,63.37253410747548558,22064.048563363837780
"KEN",40,2010,1113.67364615078614423,357987.196957366886024
"KEN",41,2010,76.16122322787888149,40739.31913567589688
"KEN",42,2010,128.06844321059913320,80162.13984466455765
"KEN",43,2010,6.68778025222866614,1681.38107137942731
"KEN",44,2010,154.39943414515618184,93412.337138951861154
"KEN",45,2010,24.38729282730397602,13488.17923379187595
"KEN",47,2010,325.6270066387218605,154425.3085381287062
"KEN",1,2011,982.71470322588880664,596063.532893999617360
"KEN",2,2011,341.32808247059641226,204607.20713936441765
"KEN",3,2011,245.15620858875048653,163827.76866391065900
"KEN",4,2011,29.07936121639401104,8466.378173322853463
"KEN",5,2011,919.94025395719412442,529141.076284332757522
"KEN",6,2011,329.94010556714807016,99692.96887714449062
"KEN",7,2011,40.68238380639708616,10183.37436868699413
"KEN",8,2011,18.309105054103358,3930.2355056755372
"KEN",10,2011,95.41397712273644739,33563.35052965347107
"KEN",11,2011,42.23467675900266682,18359.761784533612116
"KEN",12,2011,891.54731427386174081,504471.28213297330968
"KEN",13,2011,92.53304156969470261,47133.073416301345345
"KEN",14,2011,534.40563614597330816,155911.836702218402763
"KEN",15,2011,36.92596509704961756,18716.671863240968768
"KEN",16,2011,4.23085234319291897,2071.79085591002733
"KEN",17,2011,47.08191105623490580,16728.50725474649887
"KEN",18,2011,73.0653119453455830,15987.35720884780123
"KEN",19,2011,601.27517293997164323,270606.625512767605021
"KEN",20,2011,1727.03258665886728110,839937.925347350382934
"KEN",21,2011,947.92067555233223268,281782.739367069201274
"KEN",22,2011,231.20990785439323747,81470.186232714286513
"KEN",23,2011,152.85098896597719390,49986.02600498196406
"KEN",25,2011,4.38055719550509984,1512.91230654307689
"KEN",26,2011,145.32380291789249151,67600.117453519846422
"KEN",27,2011,10.38430616388068077,2948.18853530749938
"KEN",28,2011,115.430130940760175,43488.36381062777143
"KEN",29,2011,92.54059876175139794,44704.400771246145589
"KEN",30,2011,23.91985152074279523,15461.553931630169145
"KEN",31,2011,2081.09520341513013121,1180085.542684727549196
"KEN",32,2011,385.88748288979895743,229154.481262173969524
"KEN",33,2011,2822.08237070682999483,1344527.08385752704541
"KEN",34,2011,61.54210450980293613,46350.51487612028283
"KEN",35,2011,651.21733899351152222,339698.923053456409940
"KEN",36,2011,311.87625376533687378,173009.094088448496088
"KEN",37,2011,74.60625846064130072,27358.670939348032575
"KEN",38,2011,376.96523175564481535,127570.925067566163958
"KEN",39,2011,17.43439598589613101,5205.380021880695806
"KEN",40,2011,311.51391204561031026,101355.513082400335881
"KEN",41,2011,58.77508129212293342,17795.940761959000266
"KEN",42,2011,212.52481238169821153,143588.57176351477206
"KEN",43,2011,17.605755995915463,4113.4506920354989
"KEN",44,2011,465.58170912456112650,250605.78605754204123
"KEN",45,2011,10.30881777917943669,7251.33356076463152
"KEN",46,2011,0.07682867496541342,9.450021978062015
"KEN",47,2011,663.80623807284471163,327314.73573963278558
"KEN",1,2012,896.93869306616552615,634761.559733554948823
"KEN",2,2012,737.27321342701184775,446557.700478507234487
"KEN",3,2012,639.85847784142746553,345075.77819087436479
"KEN",4,2012,123.16296345435145511,41325.17889515250585
"KEN",5,2012,840.61321656977489682,529120.04000093928476
"KEN",6,2012,61.46545191036644819,29148.098745212315513
"KEN",7,2012,186.71912847316188661,41891.340563823847710
"KEN",8,2012,91.15995198267608145,27503.924458844054182
"KEN",10,2012,54.03793228375040700,24114.16287287216866
"KEN",11,2012,181.55501749697296030,74650.02271547170544
"KEN",12,2012,1137.34178135340007255,825606.03207747990246
"KEN",13,2012,186.99147635157645427,107065.75430877250126
"KEN",14,2012,1756.73073396263771963,515797.917997833021856
"KEN",15,2012,24.61743650847329032,14926.33808240915521
"KEN",16,2012,22.2314848863477947,10371.07139249424991
"KEN",17,2012,79.85473289155894014,28085.848188680195045
"KEN",18,2012,93.6640301753672292,21652.720351624331685
"KEN",19,2012,1336.58431028482980335,607137.359945290497595
"KEN",20,2012,144.09245707976599733,75319.88220361112883
"KEN",21,2012,1257.10374770171978267,374951.602902184648982
"KEN",22,2012,30.22721389043424323,11037.143906063745167
"KEN",23,2012,64.05050686546164058,24724.546817671781059
"KEN",25,2012,0.5379333183980306,168.62576944682166
"KEN",26,2012,66.85354431303161160,42322.229274715190473
"KEN",27,2012,63.30567881676624661,21349.543192408607044
"KEN",28,2012,60.55569793149734821,23279.45541802024274
"KEN",29,2012,109.23340178933001951,58878.90466651573235
"KEN",30,2012,19.15122147522244170,11867.42795932547287
"KEN",31,2012,1246.18144240171538709,813660.304724135378148
"KEN",32,2012,612.68104330694470000,428841.044489561098038
"KEN",33,2012,2542.09340789400349681,1235663.21863863758045
"KEN",34,2012,97.54377298780149184,72007.379196593512
"KEN",35,2012,314.56345001719904360,194572.391795016784256
"KEN",36,2012,274.25633227799741548,160587.285058570926813
"KEN",37,2012,7.15288374881201944,3365.03010638190248
"KEN",38,2012,114.7819185880529833,40486.1971407314661
"KEN",39,2012,16.58573301326036065,5398.468560870782167
"KEN",40,2012,476.14577366564434997,158973.024029830821725
"KEN",41,2012,7.23151337141634092,2941.844062123639844
"KEN",42,2012,516.28097793049467173,365421.82699868356680
"KEN",43,2012,15.37368714366576303,2714.611137220626241
"KEN",44,2012,549.05697047787972069,380729.162339866027762
"KEN",45,2012,17.15573622913214035,9048.926761179659800
"KEN",47,2012,826.14062407402176570,408022.98813234308907
"KEN",1,2013,461.50151951705968403,266135.63650510157500
"KEN",2,2013,942.35262506335645411,443116.766437558619859
"KEN",3,2013,248.15475254914380464,156146.54031961517394
"KEN",4,2013,23.61736688033116424,7993.888810422918749
"KEN",5,2013,577.86943239672310408,376962.779931443957125
"KEN",6,2013,63.08145599683453496,37022.387356376979926
"KEN",7,2013,237.09667030436980399,53605.823312764847026
"KEN",8,2013,61.08044424947897790,14090.33216091952347
"KEN",9,2013,0.0,6.524145820459248
"KEN",10,2013,39.34421432101370208,21406.010918596739539
"KEN",11,2013,50.31244710825142149,23319.193360176950318
"KEN",12,2013,1322.12778839331936967,858440.287003230484415
"KEN",13,2013,259.99037233206698605,154653.998648647250430
"KEN",14,2013,792.48732197108056264,204599.302891417991591
"KEN",15,2013,110.77805184281178348,69510.234061691170015
"KEN",16,2013,62.30853499772852638,27530.16531368132413
"KEN",17,2013,57.6985841921468621,18884.39821705527662
"KEN",18,2013,37.30237059361671699,8793.57711551171093
"KEN",19,2013,608.50166810868536784,291861.215396422392708
"KEN",20,2013,29.00298786553492445,11946.855919219913736
"KEN",21,2013,809.02805336068400773,230118.294927738573669
"KEN",22,2013,10.69068400602786553,5576.12344188048446
"KEN",23,2013,24.98948416451836189,12479.40894319405008
"KEN",26,2013,231.56420092551182937,126277.480310058541372
"KEN",27,2013,41.07529629093434777,14272.14591006771651
"KEN",28,2013,18.11253783950317027,7369.98045919849119
"KEN",29,2013,179.92566876016580679,96872.189075199561045
"KEN",30,2013,15.84402737926786432,10561.134024346601556
"KEN",31,2013,867.62230275967738377,628215.302484396823549
"KEN",32,2013,881.78890068608216929,491705.49595750207942
"KEN",33,2013,2544.50510222516396077,974057.231288958082939
"KEN",34,2013,118.3139456831369170,65415.9209251821168
"KEN",35,2013,154.54877796691188593,94179.474673744287035
"KEN",36,2013,299.48918482641260441,163893.301502140112871
"KEN",37,2013,10.5364761026658799,4160.491386810998055
"KEN",38,2013,103.31911729521924174,28935.387421821382396
"KEN",39,2013,30.72643635148599952,10867.844398415215655
"KEN",40,2013,309.14975652898183262,96248.876022049626850
"KEN",41,2013,9.15474458628838536,4039.126754035087505
"KEN",42,2013,328.05359417286841346,241242.749005416538226
"KEN",43,2013,2.3835460228018523,592.84421277014809
"KEN",44,2013,207.40616117180269521,131389.724712913546858
"KEN",45,2013,7.77008200916695684,4671.36048700041679
"KEN",47,2013,373.15951309712993923,160112.56991140382928
"KEN",1,2014,329.47860507307552928,150509.533779637220711
"KEN",2,2014,236.47781240884756212,133311.41469936300307
"KEN",3,2014,114.99922943879306722,117394.03355325509630
"KEN",4,2014,26.46393100873398344,9451.685363597355323
"KEN",5,2014,595.33923220157828254,422704.856612733357924
"KEN",6,2014,70.08250960614806094,39406.02601613784935
"KEN",7,2014,225.17026687770632568,52370.375709607968223
"KEN",8,2014,72.85081318097833967,11649.166202340574125
"KEN",10,2014,65.77721651357544296,43082.952862401445678
"KEN",11,2014,20.23265956512918387,11338.07151679252620
"KEN",12,2014,1423.75899137360482435,1141542.886723755395044
"KEN",13,2014,471.44501412326990140,294372.846492302834080
"KEN",14,2014,1778.76606199062723592,513266.299148261943598
"KEN",15,2014,28.23316065474229362,25620.83290867741768
"KEN",16,2014,11.07717049797644768,4936.01922597256927
"KEN",17,2014,37.92720002895845572,12728.743179403615056
"KEN",18,2014,79.83620654009058352,19070.997833448524406
"KEN",19,2014,1938.51406932093715823,998567.497295266055066
"KEN",20,2014,31.5416958341760176,12034.913766336503855
"KEN",21,2014,1877.88169767182518325,526136.269379684825706
"KEN",22,2014,22.84185383220798341,18335.81583609999235
"KEN",23,2014,18.29946254628716510,8987.37416936695909
"KEN",26,2014,188.94405676742529844,128230.423319199394820
"KEN",27,2014,9.30728996195180326,3482.989531203666844
"KEN",28,2014,26.09449252761611061,10350.51210476828388
"KEN",29,2014,155.69409137290454246,83821.498415973902672
"KEN",30,2014,19.30513517199570724,11209.579374943075675
"KEN",31,2014,772.30729145364218055,613938.031712933860445
"KEN",32,2014,479.97536895606941780,286806.928996492677574
"KEN",33,2014,1903.57440022433818543,686361.556428196204422
"KEN",34,2014,67.0805680457951492,50921.2495035892249
"KEN",35,2014,125.70199253115837711,87549.71972054456481
"KEN",36,2014,271.56566142618636928,198336.974630175451041
"KEN",37,2014,4.3071738572483325,1690.27213468967062
"KEN",38,2014,167.8647499521541904,48228.44409815566316
"KEN",39,2014,86.32030847989725584,32267.326313992324876
"KEN",40,2014,794.43584470515940927,233270.833666158651916
"KEN",41,2014,4.00041184637708937,1601.481406330004535
"KEN",42,2014,55.07374596622536745,41891.937054732780759
"KEN",43,2014,6.68902485694641179,1362.008334847074651
"KEN",44,2014,411.04301298623486138,303762.300232254975354
"KEN",45,2014,99.70309570870113831,81717.68908564865326
"KEN",47,2014,230.85673925657940436,84617.584361992826356
"KEN",1,2015,1183.41099074274065737,768828.198572624314289
"KEN",2,2015,423.40020835357151167,178374.525335808851708
"KEN",3,2015,190.61560776197592755,162082.758733414710445
"KEN",4,2015,13.0012902054606370,5224.65061549246775
"KEN",5,2015,974.90506338965943838,666046.50283166732338
"KEN",6,2015,114.00662516950198160,61914.665806146544526
"KEN",7,2015,3.76821242252020993,820.19348751004384
"KEN",8,2015,166.70442839589896550,10693.760167442391973
"KEN",10,2015,22.44053387427735592,14840.75384626377678
"KEN",11,2015,41.85028251652240803,29310.66439712811969
"KEN",12,2015,1565.5463059606383734,1208569.561010314206358
"KEN",13,2015,499.59875935764320208,346497.831082252805942
"KEN",14,2015,893.78353224098141708,237524.21940540051509
"KEN",15,2015,56.46645826266787503,42732.720750861845415
"KEN",17,2015,13.6168766100114807,4532.33649820509562
"KEN",18,2015,9.6138189816472035,2260.663861226827076
"KEN",19,2015,240.99987237497980249,120008.12326973412513
"KEN",20,2015,52.0821853353157812,21872.296759538695948
"KEN",21,2015,982.01639152310069753,260691.374651544462439
"KEN",22,2015,23.53521607015387592,13942.37370271636076
"KEN",23,2015,17.29888557813320739,8686.974081418299350
"KEN",26,2015,310.57302756703711617,199808.589946774448221
"KEN",27,2015,3.46125769771240219,1356.03967052288804
"KEN",28,2015,10.20728693443522218,3459.86553787774693
"KEN",29,2015,124.84862494996742223,71840.945734931663315
"KEN",30,2015,4.15332717823710148,2467.70327704936609
"KEN",31,2015,876.92306831358925540,601408.966172239381545
"KEN",32,2015,922.4845828666609770,638121.9620287956654
"KEN",33,2015,3555.62733367536568116,1259054.56554416293924
"KEN",34,2015,85.9284125384201311,59805.06302033735755
"KEN",35,2015,330.48303733063056056,216593.01786239592022
"KEN",36,2015,429.27289060734287621,322953.757263817058062
"KEN",37,2015,38.61058934169531031,12028.443192373767707
"KEN",38,2015,28.92627499265383028,8314.73751794404492
"KEN",39,2015,21.58222190293525089,9862.024774235913067
"KEN",40,2015,203.68300550035904877,63579.023676041250420
"KEN",41,2015,35.54199635244099620,20377.788514077007814
"KEN",42,2015,87.60881723582270194,71628.62617416387129
"KEN",43,2015,2.6136430710145402,709.349599921009824
"KEN",44,2015,687.76555629571705439,517415.33250285901568
"KEN",45,2015,69.62291666045443035,48786.28803279073630
"KEN",47,2015,296.92144467754243977,128232.52597002740556
"KEN",1,2016,1804.17291856335393955,1380770.304501502556106
"KEN",2,2016,307.63472192658402409,178366.11822643789840
"KEN",3,2016,223.54470167775978091,202854.742566928282226
"KEN",4,2016,82.54731524479154182,6387.05924154316718
"KEN",5,2016,1019.44889769726198592,693907.69151801197737
"KEN",6,2016,85.93007803525146975,64455.120761893935015
"KEN",7,2016,20.07172180857564805,4662.419063274810541
"KEN",8,2016,79.15975004828919915,8305.24007037302151
"KEN",10,2016,100.54370393582598575,74150.31734805172468
"KEN",11,2016,105.39488152368348515,87966.12669674322132
"KEN",12,2016,1409.37395760893224368,1113425.146052226496224
"KEN",13,2016,568.90758922799534213,381796.653488057240855
"KEN",14,2016,1261.96334867730469776,336608.69471504994682
"KEN",15,2016,132.85699290719315200,97614.598399574226234
"KEN",16,2016,17.69285204084235165,10097.97058508348587
"KEN",17,2016,48.08203535496238947,18995.29346587992044
"KEN",18,2016,132.36342332319649633,31269.94722591159232
"KEN",19,2016,492.54556447520744263,233674.453308315891195
"KEN",20,2016,28.84895354999581080,13272.424653308688482
"KEN",21,2016,1652.03760787727838626,445732.462080462620438
"KEN",22,2016,16.3812523247606722,13513.59827783279642
"KEN",23,2016,35.21477845240879316,22884.924518947089897
"KEN",25,2016,0.6910474023090278,146.2134835977398
"KEN",26,2016,519.75008768021232703,366087.049210925527815
"KEN",27,2016,31.15285206799010853,10811.427446044950328
"KEN",28,2016,20.4913671949612096,6958.35954076508597
"KEN",29,2016,307.54532619239580796,170579.23794471882031
"KEN",30,2016,53.22370959355901956,38132.72768862559571
"KEN",31,2016,1112.02596535660443125,818467.858140540980284
"KEN",32,2016,939.7940777306859195,610630.71001360009309
"KEN",33,2016,3191.89803916617443878,1222391.531457440125783
"KEN",34,2016,134.2379924079649747,104907.897079419576
"KEN",35,2016,384.41171957641436611,246076.188880659046436
"KEN",36,2016,688.21865455415298702,464365.818146251655292
"KEN",37,2016,19.30592271535587114,6851.64668485329357
"KEN",38,2016,550.13808237946184235,164539.393950617596460
"KEN",39,2016,26.96366202742228167,10701.108673960871827
"KEN",40,2016,454.36806474772870949,134744.275061699528523
"KEN",41,2016,34.77271982551822298,18068.019648862178965
"KEN",42,2016,65.61119606168665237,82735.63165680841923
"KEN",43,2016,15.8373302937541966,4606.33075527956227
"KEN",44,2016,593.75580094162554383,422877.64618831630059
"KEN",45,2016,52.69802224212092579,32907.964076641548504
"KEN",47,2016,226.69827465330746998,87413.578427590649979
"KEN",1,2017,2420.07565460768826653,1816449.458436410200526
"KEN",2,2017,580.24686164208112670,248408.641755580419506
"KEN",3,2017,443.61867236806792838,318965.532792513743400
"KEN",4,2017,69.93004410045814461,17522.63495684737970
"KEN",5,2017,1238.13811864151687717,869361.50834700332398
"KEN",6,2017,53.69658879971117790,27229.60220959535813
"KEN",7,2017,26.4568185287797056,6299.70473118672350
"KEN",8,2017,53.9269392231394637,5917.0153706997641
"KEN",10,2017,54.59485378281225548,42625.81796499862212
"KEN",11,2017,188.32596401654440348,134854.08063765822624
"KEN",12,2017,1778.64493904365300207,1369903.16903291479967
"KEN",13,2017,458.83598708770319644,298756.737035686666486
"KEN",14,2017,1392.86691915066521322,381433.168184523781305
"KEN",15,2017,126.31871613218243663,92057.347502043603158
"KEN",16,2017,37.6162616577747544,21577.86349556217267
"KEN",17,2017,71.6230289487383112,26589.37092183776692
"KEN",18,2017,227.03211412611375916,51502.693396384896864
"KEN",19,2017,1607.23004479001164302,869846.23841394854818
"KEN",20,2017,85.62357230539003771,49355.865693328776021
"KEN",21,2017,685.77912501220576142,182104.336404744615237
"KEN",22,2017,14.84358341556830787,10416.67915978727911
"KEN",23,2017,39.59403788226671228,17300.931570741162705
"KEN",26,2017,452.89652509390745258,350872.023812004511220
"KEN",27,2017,75.45939722072075514,27828.91324427941566
"KEN",28,2017,23.1012055666683051,8748.01049830271234
"KEN",29,2017,214.77407933781654192,121398.464886506372254
"KEN",30,2017,26.68902018044929742,17925.752376046717006
"KEN",31,2017,1532.06158043256356840,1013506.39919666653197
"KEN",32,2017,663.83982470889315290,419398.29158263801124
"KEN",33,2017,3363.66091187531629903,1429315.57189994364608
"KEN",34,2017,189.1640778292569477,129053.4908735568925
"KEN",35,2017,410.49823574997193114,274800.66587104039155
"KEN",36,2017,595.21061608614673618,430346.59454061626697
"KEN",37,2017,182.96479597766948824,76198.461980264633173
"KEN",38,2017,617.22264432116950583,191440.63187583570965
"KEN",39,2017,26.35141579784381334,10538.384473064131545
"KEN",40,2017,425.42594151491061055,114135.077718960669819
"KEN",41,2017,59.39059855480269726,25149.223064584383252
"KEN",42,2017,179.75633035504090343,214483.088623229764880
"KEN",43,2017,15.1449310917079582,3727.786770074681031
"KEN",44,2017,675.91805396742912237,483045.92336948889673
"KEN",45,2017,44.46637983329250722,24977.02687245921262
"KEN",47,2017,734.3727352454420539,327764.31314051652536
"KEN",1,2018,973.15949108874112786,620134.173966924677079
"KEN",2,2018,566.87413555858361243,288023.99498775460380
"KEN",3,2018,51.15500889655097615,43472.137529688173784
"KEN",4,2018,56.31254307238659962,23232.99171425755108
"KEN",5,2018,535.41154194655081854,334639.81657808041973
"KEN",6,2018,28.92534513654359866,14768.78927687469665
"KEN",7,2018,41.22239314315781824,10610.76752127075564
"KEN",8,2018,130.70032963581977114,16130.80798586762734
"KEN",10,2018,31.14653681746015089,19250.903320978862553
"KEN",11,2018,194.17278079411470211,135237.257719530777206
"KEN",12,2018,947.01166569238431685,635549.88334873538861
"KEN",13,2018,432.83171628760912335,255049.180589195401095
"KEN",14,2018,1030.62465707164591435,304528.93987807142859
"KEN",15,2018,81.54576345100560585,55782.28301075664309
"KEN",16,2018,15.0774013511492586,8503.6912236175548
"KEN",17,2018,42.85082072580931695,15881.606449708516466
"KEN",18,2018,247.65594174452757766,67620.88830903039607
"KEN",19,2018,850.02373858762265444,477057.51022828845406
"KEN",20,2018,141.55329599846170563,79390.38087265579729
"KEN",21,2018,598.68403674446881173,172969.729637335969664
"KEN",22,2018,51.30057763906193433,29464.316451127873374
"KEN",23,2018,76.87796534764982912,40743.70148127416052
"KEN",24,2018,0.0,17.579973348305767
"KEN",26,2018,218.56263841132587427,161262.076197477543117
"KEN",27,2018,14.99917939570292169,8177.50968095537259
"KEN",28,2018,15.57972545397108430,5753.760669202786846
"KEN",29,2018,371.70208257117711128,198271.70387643588674
"KEN",30,2018,12.07554882430657165,8277.053378833983266
"KEN",31,2018,1048.62819656498554436,642754.490449926446294
"KEN",32,2018,879.09582268756817018,530390.08763666069713
"KEN",33,2018,3880.2792092946868502,1656122.54951976442910
"KEN",34,2018,184.7003401049875055,141429.838714602921
"KEN",35,2018,484.27339835733964132,294501.02587240957593
"KEN",36,2018,436.96315831054436987,293940.788445253209042
"KEN",37,2018,11.07562831251776811,4973.06583941553601
"KEN",38,2018,104.3961594107286287,33144.15462614251388
"KEN",39,2018,73.81547519975681018,31504.37990115595240
"KEN",40,2018,244.20622508037341291,81504.874600911846903
"KEN",41,2018,35.08048193649683510,14881.571879786033116
"KEN",42,2018,106.91711409181062511,94502.611005181479491
"KEN",43,2018,6.4574779580509428,1611.258441111441177
"KEN",44,2018,315.41783897048400859,246305.44432166846262
"KEN",45,2018,17.92502527717579347,11024.062462781348078
"KEN",47,2018,321.14682550171473173,143201.87047671095090
"KEN",1,2019,511.18904817016499298,247802.71801061558252
"KEN",2,2019,1091.82999253454999467,532830.76705542814810
"KEN",3,2019,321.92292155180915039,206785.43175779297409
"KEN",4,2019,462.66487945235829074,62231.0028017854089
"KEN",5,2019,284.55518906562432505,139754.333075994443225
"KEN",6,2019,39.2339774094071667,19665.82011396004865
"KEN",7,2019,12.2285954049171918,3342.54952126222640
"KEN",8,2019,87.00538057851599330,9718.32798192406660
"KEN",10,2019,11.14997723698045793,5528.640396452466090
"KEN",11,2019,100.31758783019214980,63401.866879832168910
"KEN",12,2019,1188.41829977891324352,669627.25733677898612
"KEN",13,2019,546.28074210980035466,270270.426844267470287
"KEN",14,2019,1299.68137427604537912,400718.85636908460573
"KEN",15,2019,90.31537727542904644,45047.981841306367915
"KEN",16,2019,155.38761681022356925,95205.7366902170714
"KEN",17,2019,7.69314913903326197,3755.93279602981125
"KEN",18,2019,86.45084198740344071,24810.008676176539128
"KEN",19,2019,322.39797829530571237,185575.944152823681452
"KEN",20,2019,103.24058587517360080,55200.370497329669115
"KEN",21,2019,1107.98881770614305912,300408.380490755931877
"KEN",22,2019,32.30323643855732862,18087.36923818635893
"KEN",23,2019,17.60923191533840334,13272.888519785434550
"KEN",26,2019,168.78771865612716790,92604.59839607934679
"KEN",27,2019,47.30550436656544951,25642.185578675412092
"KEN",28,2019,12.51002055805406518,5338.66454299613766
"KEN",29,2019,360.16201045706847932,176375.032515777306534
"KEN",30,2019,22.92029578943894847,16350.55631242752376
"KEN",31,2019,570.27688541905119999,326486.395532308987004
"KEN",32,2019,825.16509511112393667,488916.13892390859573
"KEN",33,2019,2688.26888587520680677,1100737.825208039727895
"KEN",34,2019,780.501528846130343,501671.802322969321
"KEN",35,2019,260.48622486464003841,163671.95485703579398
"KEN",36,2019,287.94803613738772394,149960.989054915290843
"KEN",37,2019,17.7681011900160757,6928.2679625132688
"KEN",38,2019,942.33553767982726975,286808.9189410511111
"KEN",39,2019,37.785585303645290,15210.8899546731565
"KEN",40,2019,229.75603917109392877,66574.337553757851259
"KEN",41,2019,64.46809743741456315,25392.637829343707572
"KEN",42,2019,178.83674365475887894,144727.792575871617470
"KEN",43,2019,6.30414677172607427,1301.82495144303257
"KEN",44,2019,180.86396435875925370,118991.48255126074816
"KEN",45,2019,28.23386227218796548,16836.74388297926731
"KEN",47,2019,359.6958400711609376,177249.036805169096513
"KEN",1,2020,534.58291669031871029,273204.45111367228880
"KEN",2,2020,1643.02339342614925408,851188.81189041377050
"KEN",3,2020,43.53942470373738453,36207.10244568408178
"KEN",4,2020,65.39027686216872555,37861.79814268553289
"KEN",5,2020,322.70459232840166967,173053.361791008756587
"KEN",6,2020,34.46431689842572968,16821.94751795959581
"KEN",7,2020,68.82473168729127864,18192.94079742013375
"KEN",8,2020,474.33365827854838175,39423.23432399691535
"KEN",10,2020,3.69036055692172617,1794.854618131287555
"KEN",11,2020,41.92723993238607713,30925.110402715776866
"KEN",12,2020,954.69882904074044060,533036.499331687574035
"KEN",13,2020,623.05064148950177208,328267.520800572180445
"KEN",14,2020,817.54366041106664654,249201.49649984733871
"KEN",15,2020,68.23648894630779215,33746.16028547088554
"KEN",16,2020,856.2446574794217583,550990.0536695976026
"KEN",17,2020,63.46846227513062881,27039.85606116828523
"KEN",18,2020,154.74519225870732523,46228.764502390525413
"KEN",19,2020,372.72858522747570245,217709.87935609866688
"KEN",20,2020,95.54838211816588740,52430.69566246661396
"KEN",21,2020,680.21150535448352173,255195.092310447228224
"KEN",22,2020,33.68616294353339198,21999.52863753140765
"KEN",23,2020,55.59384901735100990,40688.882982901107446
"KEN",26,2020,180.86606370249187233,99584.428109556526586
"KEN",27,2020,239.83511037085606090,116476.459839611640005
"KEN",28,2020,12.81673270213270653,5161.25934475959799
"KEN",29,2020,549.54890220576406663,264516.35293059251911
"KEN",30,2020,11.61399786295152204,8314.449230773300145
"KEN",31,2020,588.73696769175770988,344583.163839600906876
"KEN",32,2020,686.84382522805161814,426195.35968098152717
"KEN",33,2020,4975.26680203884141812,2070661.767877445417306
"KEN",34,2020,1276.598988727168408,909912.06894313109
"KEN",35,2020,461.04497248761362693,285811.49143537363190
"KEN",36,2020,599.74679811915866016,330005.005466805710309
"KEN",37,2020,35.2257714213674397,19796.96981857961389
"KEN",38,2020,182.86624964788923013,70690.20905551703714
"KEN",39,2020,238.92144878132213755,98096.937154839897443
"KEN",40,2020,382.55719316032176154,130125.278279778541993
"KEN",41,2020,18.92502309185582745,8531.675943031057014
"KEN",42,2020,187.22277847234432534,164856.50790972860610
"KEN",43,2020,0.38438947802734375,75.75172396176808
"KEN",44,2020,105.08663914139558382,74239.77662897508949
"KEN",45,2020,42.23545431813769614,23510.125316167813865
"KEN",47,2020,260.25293349104064792,132849.754802563928695
"KEN",1,2021,231.01234964961329873,108630.760186012672214
"KEN",2,2021,137.16293933441213099,97476.79751636861872
"KEN",3,2021,32.15407316220517297,43148.53881603013251
"KEN",4,2021,43.46454134831451645,29419.609971161603897
"KEN",5,2021,285.71277743316145453,148330.858431563503015
"KEN",6,2021,6.61587429577216337,3972.63827603907765
"KEN",7,2021,227.55455854613902324,57005.306902593060702
"KEN",8,2021,68.1586647208045058,11350.2447606383777
"KEN",9,2021,0.0,54.24783787439798
"KEN",10,2021,1.76775379294928650,1471.052059912648888
"KEN",11,2021,106.78011694284672664,101575.15963910993921
"KEN",12,2021,265.56297213734517676,160323.40472596722184
"KEN",13,2021,143.76169035573619544,111866.01506258092458
"KEN",14,2021,1279.01156418900839238,385141.462907624367942
"KEN",15,2021,10.23160470968594013,5311.270385998971799
"KEN",16,2021,53.61660297241478952,38029.4686158223673
"KEN",17,2021,42.5430278179942707,19027.505027010784846
"KEN",18,2021,75.83771050336084270,25447.93776495025099
"KEN",19,2021,653.42308975981779186,405416.614740507402586
"KEN",20,2021,44.92777763539390363,26802.387895562173801
"KEN",21,2021,1149.91557106733879359,308406.718549079671118
"KEN",22,2021,25.76519773748897274,15489.35641900095118
"KEN",23,2021,15.68681972234130717,10750.543589157556545
"KEN",24,2021,0.0,192.0860083468756
"KEN",25,2021,0.0,56.36893437324183
"KEN",26,2021,63.39149458949957720,39163.142279770195768
"KEN",27,2021,33.07499574366092099,32411.846978694719744
"KEN",28,2021,18.87984486820041012,7503.23417047899522
"KEN",29,2021,96.00062622333372039,55881.16781354642871
"KEN",30,2021,7.07600892363837347,5009.76480327864879
"KEN",31,2021,161.78182663927573911,185430.722922411298888
"KEN",32,2021,361.34653347360642959,287618.77502843280976
"KEN",33,2021,674.80514318620287445,323614.378572360101695
"KEN",34,2021,128.083760445674259,112937.079714956728
"KEN",35,2021,83.23908433038206876,105172.454310251794476
"KEN",36,2021,34.84894887200529745,21202.406266789267491
"KEN",37,2021,17.22863371739564404,7153.841727199543605
"KEN",38,2021,128.09113054114748948,48276.47779963579630
"KEN",39,2021,11.36609227715494911,4575.36359275705425
"KEN",40,2021,477.09672094940675166,136294.910610164301845
"KEN",41,2021,5.15436551599812011,2543.890242310333404
"KEN",42,2021,55.22795162314195130,73989.94951974458204
"KEN",43,2021,12.60871982878892772,5892.047873410012167
"KEN",44,2021,72.62149878768954381,102396.46289248410375
"KEN",45,2021,22.46401973137267966,13995.397313011891525
"KEN",47,2021,199.17192849402410024,72209.510622482762405
"KEN",1,2022,332.70952465774078517,169818.024001459827896
"KEN",2,2022,167.62622372227760830,121598.988097030277465
"KEN",3,2022,37.61596542188874575,48003.292356889576188
"KEN",4,2022,28.23358094909165706,9554.4290611679870
"KEN",5,2022,261.48032945391804354,135341.334120236301144
"KEN",6,2022,3.30794464167329587,3393.84091138461700
"KEN",7,2022,68.6695171997786302,16695.376637889984005
"KEN",8,2022,11.15458393692947406,8135.0339593842736
"KEN",10,2022,1.30733210655015739,1549.824041264127923
"KEN",11,2022,66.23741472661037440,53647.792666509257405
"KEN",12,2022,289.02635359502747089,211478.65227349747178
"KEN",13,2022,136.07086274005339323,97853.19572190707218
"KEN",14,2022,589.93236036281250751,180453.138126491249492
"KEN",15,2022,4.23109778207853490,4052.833259616562651
"KEN",16,2022,41.15468616527343002,31587.03162893663121
"KEN",17,2022,15.4632397019145186,8732.21465542479093
"KEN",18,2022,56.91558135542449831,24801.760312403099796
"KEN",19,2022,247.61239746907240964,155350.31336643104976
"KEN",20,2022,48.77422586452700885,33180.242291084917588
"KEN",21,2022,533.11731582173073702,139818.961340495240769
"KEN",22,2022,19.53602366425933863,10418.27018851967881
"KEN",23,2022,5.92082201979092139,4888.80888597713602
"KEN",24,2022,0.0,12.19121978416549
"KEN",25,2022,0.3074866982937283,291.73301064212159
"KEN",26,2022,83.00882195629871857,55277.395311722311541
"KEN",27,2022,23.15246831109208957,26599.40610276220672
"KEN",28,2022,2.9164175837163632,1199.21515636531134
"KEN",29,2022,84.15510241240531087,56558.384451579838193
"KEN",30,2022,5.53775222794386142,3953.03797916879496
"KEN",31,2022,285.71089462399059894,292890.667777627696844
"KEN",32,2022,368.88621713704429510,284542.29149832655867
"KEN",33,2022,1352.35616203279528921,610713.867714202210478
"KEN",34,2022,255.398085320195858,207532.00505635111
"KEN",35,2022,84.46950528161180954,133006.699974297981282
"KEN",36,2022,59.00509207142392283,35484.194368962056876
"KEN",37,2022,83.37594958924673874,41320.970228701532620
"KEN",38,2022,188.4825295589019926,66450.942437159904188
"KEN",39,2022,3.6863288049374727,1941.58450363664840
"KEN",40,2022,339.97922125806181351,100854.816422318276001
"KEN",41,2022,14.69384853984215659,8488.065059376339664
"KEN",42,2022,33.92169641724884582,50470.96093915884406
"KEN",43,2022,9.91774472011631108,4319.165775363831684
"KEN",44,2022,56.77426828939280084,84913.319162410265177
"KEN",45,2022,15.38631575277623522,11699.12264829234157
"KEN",46,2022,0.0,14.876068598944334
"KEN",47,2022,321.81177967785630790,146458.197309917291268
